DatasetSize,NumClusters,NumFeatures,Mode,SwitchIter,Time,Memory_MB,ARI,Silhouette,DBI,Inertia,CenterDiff
1000,5,2,Double,0,0.011973857879638672,0.8850901313597097,0.5478690346485553,0.6354130727013135,0.016,1782.9370801041007,0.0
1000,5,2,AdaptiveHybrid,7,0.006691932678222656,0.024,0.8850901313597097,0.5478690346485553,0.6354130727013135,1782.9370801041007,4.210915056396192e-06
1000,5,2,Double,0,0.010494470596313477,0.9414421254402454,0.5645514675835844,0.607584876998526,0.016,1928.1036215014199,0.0
1000,5,2,AdaptiveHybrid,4,0.008616447448730469,0.024,0.9414421254402454,0.5645514675835844,0.607584876998526,1928.1036215014199,5.365893525896584e-06
1000,5,2,Double,0,0.005942821502685547,0.8922150544080595,0.5540589188196134,0.6213373861399507,0.016,1806.704014187253,0.0
1000,5,2,AdaptiveHybrid,9,0.012730836868286133,0.024,0.8922150544080595,0.5540589188196134,0.6213373861399507,1806.704014187253,0.02907932298705581
