DatasetName,DatasetSize,NumClusters,NumFeatures,Mode,tolerance_single,iter_single,iter_double,Suite,Time,Memory_MB,ARI,DBI,Inertia
SYNTH_K5_n100k,100000,5,30,B,1e-07,0,366,Double,1.7410008907318115,24.0,0.7191023697332656,2.9751371833399682,17278716.1293617
SYNTH_K5_n100k,100000,5,30,B,0.1,0,617,AdaptiveHybrid,2.500741958618164,36.0,0.7190969811406043,2.971769178190484,17278671.296171136
SYNTH_K5_n100k,100000,5,30,B,0.01,0,401,AdaptiveHybrid,1.7099096775054932,36.0,0.7191000161666737,2.9704375833693817,17278661.03684837
SYNTH_K5_n100k,100000,5,30,B,0.001,5,245,AdaptiveHybrid,1.465221643447876,36.0,0.7190955729325637,2.975664556140071,17278718.21214735
SYNTH_K5_n100k,100000,5,30,B,0.0001,102,160,AdaptiveHybrid,1.6138026714324951,36.0,0.7191009221427715,2.9756636637214333,17278714.481271546
SYNTH_K5_n100k,100000,5,30,B,1e-05,134,55,AdaptiveHybrid,1.0927717685699463,36.0,0.7191023697332656,2.9751334470880026,17278708.135777693
SYNTH_K5_n100k,100000,5,30,B,1e-07,260,287,AdaptiveHybrid,2.970087766647339,36.0,0.7191013928561071,2.9704099382522853,17278660.766462583
SYNTH_K5_n100k,100000,5,30,B,1e-09,189,439,AdaptiveHybrid,3.328503370285034,36.0,0.7190998697661093,2.9758501690327885,17278713.744306028
SYNTH_K5_n100k,100000,5,30,B,1e-10,218,206,AdaptiveHybrid,2.3949811458587646,36.0,0.7191007678642927,2.9751510308163454,17278709.88180424
