DatasetName,DatasetSize,NumClusters,NumFeatures,Mode,Cap,tolerance_single,iter_single,iter_double,Suite,Time,Memory_MB,ARI,DBI,Inertia
SYNTH_K5_n100k,100000,5,30,A,0,1e-16,0,300,Double,1.2447102069854736,24.0,0.7191027058628139,2.9761951085990157,17278732.59028099
SYNTH_K5_n100k,100000,5,30,A,1,1e-16,1,299,AdaptiveHybrid,1.6629829406738281,36.0,0.7191042834380305,2.970324118813079,17278658.97018531
SYNTH_K5_n100k,100000,5,30,A,50,1e-16,50,144,AdaptiveHybrid,1.1276218891143799,36.0,0.719098745829204,2.970226584616108,17278659.60350961
SYNTH_K5_n100k,100000,5,30,A,100,1e-16,100,200,AdaptiveHybrid,1.488877296447754,36.0,0.7191044652890252,2.975225516350526,17278717.995841388
SYNTH_K5_n100k,100000,5,30,A,150,1e-16,150,150,AdaptiveHybrid,1.6472499370574951,36.0,0.719093695318675,2.9752092448720537,17278712.283823658
SYNTH_K5_n100k,100000,5,30,A,200,1e-16,200,100,AdaptiveHybrid,1.7542619705200195,36.0,0.7191037457628692,2.970456092766954,17278669.43080987
SYNTH_K5_n100k,100000,5,30,A,250,1e-16,246,54,AdaptiveHybrid,1.8474645614624023,36.0,0.7191025371415511,2.975127488660841,17278707.476709906
SYNTH_K5_n100k,100000,5,30,A,300,1e-16,270,30,AdaptiveHybrid,1.8341612815856934,36.0,0.7190995809039444,2.975532621635615,17278713.47403464
