,DatasetName,DatasetSize,NumClusters,Mode,tolerance_single,Cap,iter_single,iter_double,Suite,Time,Memory_MB,Inertia
0,SYNTH_C_5_F_5_n100k,100000,80,D,-,-,1,0,Double,1.2014386580558494,1.910400390625,230174.13474988064
1,SYNTH_C_5_F_5_n100k,100000,80,D,0.02,-,5,2,Adaptive,3.7215608690166846,1.910400390625,218269.0895127427
2,SYNTH_C_80_F_5_n100k,100000,80,D,-,-,1,0,Double,0.5006450359942392,1.910400390625,1280383.2796816449
3,SYNTH_C_80_F_5_n100k,100000,80,D,0.02,-,6,2,Adaptive,3.7954220639076084,1.910400390625,905549.4324695433
4,SYNTH_C_30_F_5_n100k,100000,80,D,-,-,1,0,Double,0.5422036900417879,1.910400390625,422659.85487170017
5,SYNTH_C_30_F_5_n100k,100000,80,D,0.02,-,4,2,Adaptive,2.8103917150292546,1.910400390625,412380.0263927891
