DatasetName,DatasetSize,NumClusters,Mode,chunk_single,improve_threshold,iter_single,iter_double,Suite,Time,Memory_MB,Inertia
SYNTH_C_40_F_5_n1000_000k_kmeans,1000000,160,D,1,0.01,300,0,Single,49.764232873916626,20.0,3679732.5
SYNTH_C_40_F_5_n1000_000k_kmeans,1000000,160,D,1,0.01,0,300,Double,67.77019596099854,40.0,3699277.7349334527
SYNTH_C_40_F_5_n1000_000k_kmeans,1000000,160,D,1,0.01,1,299,Adaptive,69.88536601800297,19.07958984375,3699015.928504067
SYNTH_C_40_F_5_n1000_000k_kmeans,1000000,160,D,1,0.01,300,0,Single,51.804604291915894,20.0,3679528.25
SYNTH_C_40_F_5_n1000_000k_kmeans,1000000,160,D,1,0.01,0,300,Double,67.7284255027771,40.0,3699339.045974986
SYNTH_C_40_F_5_n1000_000k_kmeans,1000000,160,D,1,0.01,1,299,Adaptive,68.55584569400526,19.07958984375,3699105.7666346305
SYNTH_C_40_F_5_n1000_000k_kmeans,1000000,160,D,1,0.01,300,0,Single,51.64292812347412,20.0,3679800.0
SYNTH_C_40_F_5_n1000_000k_kmeans,1000000,160,D,1,0.01,0,300,Double,70.05359411239624,40.0,3699072.849806141
SYNTH_C_40_F_5_n1000_000k_kmeans,1000000,160,D,1,0.01,1,299,Adaptive,73.89758934300335,19.07958984375,3699189.766561159
