DatasetName,DatasetSize,NumClusters,NumFeatures,Mode,tolerance_single,iter_single,iter_double,Suite,Time,Memory_MB,ARI,DBI,Inertia
SYNTH_K5_n100k,100000,5,30,B,1e-07,0,350,Double,2.269918441772461,24.0,0.7191048329299216,2.9701889558762016,17278661.503580324
SYNTH_K5_n100k,100000,5,30,B,0.1,0,841,AdaptiveHybrid,4.611191511154175,36.0,0.719107757639608,2.9701753474728134,17278660.100684576
SYNTH_K5_n100k,100000,5,30,B,0.001,5,995,AdaptiveHybrid,5.063011407852173,36.0,0.7190930519396566,2.970309415432128,17278669.918403607
SYNTH_K5_n100k,100000,5,30,B,1e-05,360,640,AdaptiveHybrid,5.315154314041138,36.0,0.7190918465876165,2.9691475272063363,17278646.82994011
SYNTH_K5_n100k,100000,5,30,B,1e-07,542,458,AdaptiveHybrid,5.720101594924927,36.0,0.719094554688558,2.9698835066806715,17278654.04795715
