DatasetName,DatasetSize,NumClusters,NumFeatures,Mode,Cap,tolerance_single,iter_single,iter_double,Suite,Time,Memory_MB,ARI,DBI,Inertia
SYNTH_K5_n100k,100000,5,30,A,0,1e-16,0,300,Double,1.9182615280151367,24.0,0.7190918603743313,2.9676564590053585,17278637.76412939
SYNTH_K5_n100k,100000,5,30,A,1,1e-16,1,299,AdaptiveHybrid,1.9979758262634277,36.0,0.7190980860408719,2.9703903597381798,17278660.001949497
SYNTH_K5_n100k,100000,5,30,A,50,1e-16,50,250,AdaptiveHybrid,1.7732279300689697,36.0,0.7190992972937355,2.9760629863640506,17278724.64324042
SYNTH_K5_n100k,100000,5,30,A,100,1e-16,100,200,AdaptiveHybrid,2.0193283557891846,36.0,0.7190957751369204,2.9704112164081677,17278827.391623147
SYNTH_K5_n100k,100000,5,30,A,150,1e-16,150,150,AdaptiveHybrid,2.327397108078003,36.0,0.7190926796987446,2.971045866567964,17278695.080832772
SYNTH_K5_n100k,100000,5,30,A,200,1e-16,200,100,AdaptiveHybrid,2.314208507537842,36.0,0.7191063560121563,2.971161525932451,17278676.595915962
SYNTH_K5_n100k,100000,5,30,A,250,1e-16,250,50,AdaptiveHybrid,2.217045545578003,36.0,0.7190927794882094,2.9719448288364627,17278679.605605014
SYNTH_K5_n100k,100000,5,30,A,300,1e-16,300,1,AdaptiveHybrid,2.0932629108428955,36.0,0.6861284770741869,1.6866986885867852,21228798.170089647
