DatasetName,DatasetSize,NumClusters,Mode,MB_Iter,MB_Batch,RefineIter,iter_single,iter_double,Suite,Time,Memory_MB,Inertia
SYNTH_C_5_F_5_n100k,500000,80,E,100,2048,100,0,200,Double,10.241105318069458,20.0,5879707.903687879
SYNTH_C_5_F_5_n100k,500000,80,E,100,2048,100,2,100,MiniBatch+Full,5.566791402059607,9.539794921875,5893565.437444819
SYNTH_C_80_F_5_n100k,1000000,80,E,100,2048,100,0,200,Double,20.20615315437317,40.0,12421539.686064823
SYNTH_C_80_F_5_n100k,1000000,80,E,100,2048,100,2,100,MiniBatch+Full,10.647038280963898,19.0765380859375,12462016.395135537
SYNTH_C_30_F_5_n100k,1000000,80,E,100,2048,100,0,200,Double,20.29185700416565,40.0,12571813.809482098
SYNTH_C_30_F_5_n100k,1000000,80,E,100,2048,100,1,100,MiniBatch+Full,10.544299564906396,19.0765380859375,12580208.367934885
