DatasetName,DatasetSize,NumClusters,Mode,tol_single,tol_double,single_iter_cap,freeze_stable,freeze_patience,iter_single,iter_double,Suite,Time,Memory_MB,Inertia
SYNTH_C_5_F_5_n100k,500000,80,F,0.001,0.0001,100,True,1,0,300,Double,15.165389060974121,20.0,5877880.588140755
SYNTH_C_5_F_5_n100k,500000,80,F,0.001,0.0001,100,True,1,100,200,MixedPerCluster,165.63726389000658,9.539794921875,5877126.2123218365
SYNTH_C_80_F_5_n100k,1000000,80,F,0.001,0.0001,100,True,1,0,300,Double,30.36024761199951,40.0,12413595.198080199
SYNTH_C_80_F_5_n100k,1000000,80,F,0.001,0.0001,100,True,1,100,200,MixedPerCluster,334.4134262249572,19.0765380859375,12415774.492955957
SYNTH_C_30_F_5_n100k,1000000,80,F,0.001,0.0001,100,True,1,0,300,Double,30.209640979766846,40.0,12566870.129350008
SYNTH_C_30_F_5_n100k,1000000,80,F,0.001,0.0001,100,True,1,100,200,MixedPerCluster,334.56582370901015,19.0765380859375,12567231.52692182
