DatasetName,DatasetSize,NumClusters,Mode,Cap,tolerance_single,iter_single,iter_double,Suite,Time,Memory_MB,Inertia
SYNTH_C_80_F_5_n1000_000k_kmeans,10000,100,C,full,8e-07,129,0,Single,0.43459486961364746,1.6,1439776.375
SYNTH_C_80_F_5_n1000_000k_kmeans,10000,100,C,full,1e-06,0,45,Double,0.2246382236480713,3.2,1439664.5023823206
SYNTH_C_80_F_5_n1000_000k_kmeans,10000,100,C,0.8,8e-07,102,0,Hybrid,0.32761152496095747,4.8,7267225.153558742
SYNTH_C_80_F_5_n1000_000k_kmeans,10000,100,C,full,8e-07,27,0,Single,0.05607891082763672,1.6,1439037.625
SYNTH_C_80_F_5_n1000_000k_kmeans,10000,100,C,full,1e-06,0,58,Double,0.2578620910644531,3.2,1439877.0464505728
SYNTH_C_80_F_5_n1000_000k_kmeans,10000,100,C,0.8,8e-07,136,10,Hybrid,0.4054295590030961,4.8,1439007.1455481593
SYNTH_C_80_F_5_n1000_000k_kmeans,10000,100,C,full,8e-07,9,0,Single,0.02348613739013672,1.6,1439230.0
SYNTH_C_80_F_5_n1000_000k_kmeans,10000,100,C,full,1e-06,0,29,Double,0.14694523811340332,3.2,1439847.4010112104
SYNTH_C_80_F_5_n1000_000k_kmeans,10000,100,C,0.8,8e-07,119,0,Hybrid,0.376461922947783,4.8,4975036.102400377
