DatasetName,DatasetSize,NumClusters,NumFeatures,Mode,Cap,tolerance_single,iter_single,iter_double,Suite,Time,Memory_MB,ARI,DBI,Inertia
SYNTH_K5_n100k,100000,5,30,A,0,1e-16,0,300,Double,1.667463779449463,24.0,0.719094554688558,2.9768739193813345,17278742.950262457
SYNTH_K5_n100k,100000,5,30,A,1,1e-16,1,299,AdaptiveHybrid,1.4949257373809814,36.0,0.7191035691637587,2.9750788165546567,17278736.88785684
SYNTH_K5_n100k,100000,5,30,A,50,1e-16,50,154,AdaptiveHybrid,1.1489665508270264,36.0,0.7191057750090849,2.9750730650776114,17278709.49394697
SYNTH_K5_n100k,100000,5,30,A,100,1e-16,100,200,AdaptiveHybrid,1.2910056114196777,36.0,0.7190977059238091,2.9721968523150566,17278679.87813401
SYNTH_K5_n100k,100000,5,30,A,150,1e-16,150,150,AdaptiveHybrid,1.7252447605133057,36.0,0.7191044652890252,2.975198518306645,17278715.59014171
SYNTH_K5_n100k,100000,5,30,A,200,1e-16,200,100,AdaptiveHybrid,1.5936956405639648,36.0,0.719101077734234,2.975210389121177,17278708.691314515
SYNTH_K5_n100k,100000,5,30,A,250,1e-16,250,50,AdaptiveHybrid,1.7414186000823975,36.0,0.7191027058628139,2.9751366505363634,17278708.267381832
SYNTH_K5_n100k,100000,5,30,A,300,1e-16,300,1,AdaptiveHybrid,1.5125396251678467,36.0,0.5235651758595768,1.4702726696937194,38563917.368293844
