DatasetName,DatasetSize,NumClusters,NumFeatures,Mode,Cap,tolerance,iter_single,iter_double,Suite,Time,Memory_MB,ARI,DBI,Inertia
SYNTH_K5_n100k,100000,5,30,A,0,1e-16,0,17,Double,0.1235342025756836,24.0,1.0,0.27238219220133375,2997700.0647319844
SYNTH_K5_n100k,100000,5,30,A,0,1e-16,1,3,AdaptiveHybrid,0.19287967681884766,36.0,1.0,0.27238219220133375,2997699.5570058585
