,DatasetName,DatasetSize,NumClusters,Mode,tolerance_single,Cap,iter_single,iter_double,Suite,Time,Memory_MB,Inertia
0,SYNTH_C_5_F_5_n100k,100000,80,D,-,-,1,0,Double,0.5906558979768306,1.910400390625,230214.18449833535
1,SYNTH_C_5_F_5_n100k,100000,80,D,0.02,-,5,2,Adaptive,3.3989346099551767,1.910400390625,218315.03942208528
2,SYNTH_C_80_F_5_n100k,100000,80,D,-,-,1,0,Double,0.49878516991157085,1.910400390625,1281559.7837488484
3,SYNTH_C_80_F_5_n100k,100000,80,D,0.02,-,6,2,Adaptive,3.6453366570640355,1.910400390625,911246.2239497846
4,SYNTH_C_30_F_5_n100k,100000,80,D,-,-,1,0,Double,0.4769188269274309,1.910400390625,422595.66197266796
5,SYNTH_C_30_F_5_n100k,100000,80,D,0.02,-,4,2,Adaptive,2.8576254489598796,1.910400390625,412407.36034906405
