DatasetName,DatasetSize,NumClusters,NumFeatures,Mode,Cap,tolerance_single,iter_single,iter_double,Suite,Time,Memory_MB,ARI,DBI,Inertia
SYNTH_K5_n100k,100000,5,30,B,0,1e-07,0,1000,Double,6.083356618881226,24.0,0.7190918918868215,2.9712802988163256,17278674.943885177
SYNTH_K5_n100k,100000,5,30,B,1000,0.1,0,971,AdaptiveHybrid,6.385565519332886,36.0,0.7190932935350929,2.9698975311227285,17278654.35019676
SYNTH_K5_n100k,100000,5,30,B,1000,0.001,1,455,AdaptiveHybrid,2.8508594036102295,36.0,0.7191007678642927,2.970187133850063,17278656.808091078
SYNTH_K5_n100k,100000,5,30,B,1000,1e-05,760,240,AdaptiveHybrid,6.021668910980225,36.0,0.7191020388556281,2.970410882456232,17278660.61466923
SYNTH_K5_n100k,100000,5,30,B,1000,1e-07,198,802,AdaptiveHybrid,5.541520357131958,36.0,0.7190922595324649,2.9657433517983938,17278611.460689835
