DatasetName,DatasetSize,NumClusters,NumFeatures,Mode,Cap,tolerance_single,iter_single,iter_double,Suite,Time,Memory_MB,ARI,DBI,Inertia
SYNTH_K5_n100k,100000,5,30,A,0,1e-16,0,300,Double,2.051194429397583,24.0,0.7190919936458974,2.9685831714217783,17278794.309554044
SYNTH_K5_n100k,100000,5,30,A,1,1e-16,1,299,AdaptiveHybrid,1.8207428455352783,36.0,0.7191009221427715,2.97220105988317,17278695.55667461
SYNTH_K5_n100k,100000,5,30,A,50,1e-16,50,250,AdaptiveHybrid,1.8765265941619873,36.0,0.7190921590864368,2.971583749211624,17278743.101150453
SYNTH_K5_n100k,100000,5,30,A,100,1e-16,100,200,AdaptiveHybrid,1.934372901916504,36.0,0.7190933572164887,2.973208542041097,17278742.045501564
SYNTH_K5_n100k,100000,5,30,A,150,1e-16,150,150,AdaptiveHybrid,2.0094125270843506,36.0,0.7190918918868215,2.970825164364408,17278803.74954835
SYNTH_K5_n100k,100000,5,30,A,200,1e-16,200,100,AdaptiveHybrid,2.7691662311553955,36.0,0.7190917914407554,2.9703208171071402,17278761.662264
SYNTH_K5_n100k,100000,5,30,A,250,1e-16,250,50,AdaptiveHybrid,2.5672171115875244,36.0,0.7190995809039444,2.970244753116223,17278793.916553687
SYNTH_K5_n100k,100000,5,30,A,300,1e-16,300,1,AdaptiveHybrid,2.489311933517456,36.0,0.47565580564842647,1.5069818994733688,43438462.24797194
