DatasetName,DatasetSize,NumClusters,NumFeatures,Mode,tolerance_single,iter_single,iter_double,Suite,Time,Memory_MB,ARI,DBI,Inertia
SYNTH_K5_n100k,100000,5,30,B,1e-07,0,246,Double,1.1996679306030273,24.0,0.7190982153725503,2.9716588259786336,17278674.681304835
SYNTH_K5_n100k,100000,5,30,B,0.1,0,288,AdaptiveHybrid,1.4077370166778564,36.0,0.7191013928561071,2.9704165127793063,17278666.230261344
SYNTH_K5_n100k,100000,5,30,B,0.01,0,265,AdaptiveHybrid,1.1802079677581787,36.0,0.7191048329299216,2.9702260914024627,17278668.281880032
SYNTH_K5_n100k,100000,5,30,B,0.001,1,164,AdaptiveHybrid,0.8666064739227295,36.0,0.7191027058628139,2.9703684594555773,17278675.04915569
SYNTH_K5_n100k,100000,5,30,B,0.0001,82,269,AdaptiveHybrid,1.7219781875610352,36.0,0.719101077734234,2.9751536760927393,17278707.648607597
SYNTH_K5_n100k,100000,5,30,B,1e-05,375,116,AdaptiveHybrid,2.2225756645202637,36.0,0.7191030472442675,2.975152350208491,17278717.000018228
SYNTH_K5_n100k,100000,5,30,B,1e-07,246,205,AdaptiveHybrid,2.1978135108947754,36.0,0.7191107538987385,2.9702115373105755,17278662.266598266
SYNTH_K5_n100k,100000,5,30,B,1e-09,472,227,AdaptiveHybrid,3.9767181873321533,36.0,0.7190948166353768,2.9715484493199127,17278676.492939807
SYNTH_K5_n100k,100000,5,30,B,1e-10,1000,1,AdaptiveHybrid,6.760098218917847,36.0,0.5803433861774304,1.4758284775219281,32752554.222740527
