DatasetName,DatasetSize,NumClasses,Mode,tolerance_single,iter_single,iter_double,Suite,Time,Memory_MB,Accuracy
SYNTH_C_5_F_50_n100k,1000000,5,Double,0.1,0,57,LR_ExpB,18.734927668003365,800.0,0.989266
SYNTH_C_5_F_50_n100k,1000000,5,Hybrid,0.1,10,57,LR_ExpB,21.70324046816677,1200.0,0.989266
SYNTH_C_5_F_50_n100k,1000000,5,Double,0.01,0,57,LR_ExpB,18.503922806004994,800.0,0.989266
SYNTH_C_5_F_50_n100k,1000000,5,Hybrid,0.01,10,57,LR_ExpB,22.16901583899744,1200.0,0.989266
SYNTH_C_5_F_50_n100k,1000000,5,Double,0.001,0,57,LR_ExpB,18.67953961796593,800.0,0.989266
SYNTH_C_5_F_50_n100k,1000000,5,Hybrid,0.001,10,57,LR_ExpB,21.838986546965316,1200.0,0.989266
SYNTH_C_5_F_50_n100k,1000000,5,Double,0.0001,0,57,LR_ExpB,18.86923132801894,800.0,0.989266
SYNTH_C_5_F_50_n100k,1000000,5,Hybrid,0.0001,10,57,LR_ExpB,22.995479395147413,1200.0,0.989266
