DatasetName,DatasetSize,NumClusters,NumFeatures,Mode,Cap,tolerance,iter_single,iter_double,Suite,Time,Memory_MB,ARI,DBI,Inertia
SYNTH_K5_n100k,100000,5,30,A,0,1e-16,0,300,Double,0.9482560157775879,24.0,0.7191015523865164,2.9751544452389864,17278716.90842913
SYNTH_K5_n100k,100000,5,30,A,0,1e-16,1,185,AdaptiveHybrid,0.8368775844573975,36.0,0.7191022036379576,2.975060554980558,17278707.27031908
