DatasetName,DatasetSize,NumClusters,NumFeatures,Mode,Cap,tolerance,iter_single,iter_double,Suite,Time,Memory_MB,ARI,DBI,Inertia
SYNTH_K5_n100k,100000,5,30,A,0,1e-16,0,300,Double,2.2297208309173584,24.0,0.7191022036379576,2.970927217308019,17278785.539377354
SYNTH_K5_n100k,100000,5,30,A,250,1e-16,250,50,AdaptiveHybrid,2.234022378921509,36.0,0.7191000161666737,2.973650381552049,17278782.527721196
