DatasetName,DatasetSize,NumClasses,Tolerance,Cap,iter_single,iter_double,Suite,Time,Memory_MB,Accuracy,FracKept,Mode
SYNTH_C_5_F_50_n100k,1000000,0,1e-05,0.0,0,209,Double,43.15253233909607,20.06640625,1.0,,B
SYNTH_C_5_F_50_n100k,1000000,0,0.1,0.02,5,209,Hybrid,44.7421190738678,56.5546875,1.0,1.0,B
SYNTH_C_5_F_50_n100k,1000000,0,1e-05,0.0,0,209,Double,43.29544281959534,20.0390625,1.0,,B
SYNTH_C_5_F_50_n100k,1000000,0,0.01,0.02,31,209,Hybrid,43.38440752029419,56.55078125,1.0,1.0,B
SYNTH_C_5_F_50_n100k,1000000,0,1e-05,0.0,0,209,Double,43.054726362228394,20.046875,1.0,,B
SYNTH_C_5_F_50_n100k,1000000,0,0.001,0.02,69,209,Hybrid,43.76034474372864,56.58984375,1.0,1.0,B
SYNTH_C_5_F_50_n100k,1000000,0,1e-05,0.0,0,209,Double,43.29326295852661,20.05859375,1.0,,B
SYNTH_C_5_F_50_n100k,1000000,0,0.0001,0.02,109,209,Hybrid,43.22012138366699,56.51171875,1.0,1.0,B
