DatasetName,DatasetSize,NumClasses,Tolerance,Cap,iter_single,iter_double,Suite,Time,Memory_MB,Accuracy,Mode
SYNTH_C_5_F_5_n100k,500000,0,1e-05,1000,0,208,Double,3.3770530223846436,0.171875,0.99997,B
SYNTH_C_5_F_5_n100k,500000,0,0.1,1000,125,208,Hybrid,5.981124639511108,7.625,0.99997,B
SYNTH_C_5_F_5_n100k,500000,0,1e-05,1000,0,208,Double,3.3844664096832275,-7.62890625,0.99997,B
SYNTH_C_5_F_5_n100k,500000,0,0.01,1000,149,208,Hybrid,6.1356422901153564,7.62890625,0.99997,B
SYNTH_C_5_F_5_n100k,500000,0,1e-05,1000,0,208,Double,3.2105929851531982,-7.62890625,0.99997,B
SYNTH_C_5_F_5_n100k,500000,0,0.001,1000,169,208,Hybrid,6.438845872879028,7.71875,0.99997,B
SYNTH_C_5_F_5_n100k,500000,0,1e-05,1000,0,208,Double,3.140819549560547,-7.62890625,0.99997,B
SYNTH_C_5_F_5_n100k,500000,0,0.0001,1000,218,208,Hybrid,6.398236513137817,7.6328125,0.99997,B
