DatasetName,DatasetSize,NumClasses,Tolerance,Cap,iter_single,iter_double,Suite,Time,Memory_MB,Accuracy
SYNTH_C_5_F_50_n100k,1000000,5,0.0001,5,0,20,Double,58.77275177897536,0.0,1.0
SYNTH_C_5_F_50_n100k,1000000,5,0.01,5,3,3,Hybrid,10.03123095902265,0.0,1.0
SYNTH_C_5_F_50_n100k,1000000,5,0.0001,5,0,20,Double,59.97367363900412,0.0,1.0
SYNTH_C_5_F_50_n100k,1000000,5,0.005,5,3,3,Hybrid,9.829689231002703,4.1953125,1.0
SYNTH_C_5_F_50_n100k,1000000,5,0.0001,5,0,20,Double,58.7718697009841,0.0,1.0
SYNTH_C_5_F_50_n100k,1000000,5,0.001,5,3,3,Hybrid,10.060151172016049,0.0,1.0
