DatasetName,DatasetSize,NumClasses,Tolerance,Cap,iter_single,iter_double,Suite,Time,Memory_MB,Accuracy,Mode
SYNTH_C_5_F_50_n100k,1000000,0,1e-05,1000,0,246,Double,45.90221118927002,18.43359375,1.0,B
SYNTH_C_5_F_50_n100k,1000000,0,0.1,1000,10,246,Hybrid,56.70896244049072,74.1171875,1.0,B
SYNTH_C_5_F_50_n100k,1000000,0,1e-05,1000,0,246,Double,45.995630741119385,-0.109375,1.0,B
SYNTH_C_5_F_50_n100k,1000000,0,0.01,1000,48,246,Hybrid,79.1087417602539,-57.16796875,1.0,B
SYNTH_C_5_F_50_n100k,1000000,0,1e-05,1000,0,246,Double,45.69637894630432,-0.09375,1.0,B
SYNTH_C_5_F_50_n100k,1000000,0,0.001,1000,103,246,Hybrid,89.25237989425659,-2.09375,1.0,B
SYNTH_C_5_F_50_n100k,1000000,0,1e-05,1000,0,246,Double,45.84369683265686,0.02734375,1.0,B
SYNTH_C_5_F_50_n100k,1000000,0,0.0001,1000,181,246,Hybrid,90.69341588020325,-2.10546875,1.0,B
