DatasetName,DatasetSize,NumClasses,Tolerance,Cap,iter_single,iter_double,Suite,Time,Memory_MB,Accuracy,Mode
SYNTH_C_5_F_5_n100k,500000,0,1e-05,1000,0,208,Double,3.3420825004577637,0.16796875,0.99997,B
SYNTH_C_5_F_5_n100k,500000,0,0.1,1000,125,208,Hybrid,5.759843587875366,7.6328125,0.99997,B
SYNTH_C_5_F_5_n100k,500000,0,1e-05,1000,0,208,Double,3.2061069011688232,-7.625,0.99997,B
SYNTH_C_5_F_5_n100k,500000,0,0.01,1000,149,208,Hybrid,5.916262149810791,7.6328125,0.99997,B
SYNTH_C_5_F_5_n100k,500000,0,1e-05,1000,0,208,Double,3.3218348026275635,-7.6328125,0.99997,B
SYNTH_C_5_F_5_n100k,500000,0,0.001,1000,169,208,Hybrid,6.546795606613159,7.6328125,0.99997,B
SYNTH_C_5_F_5_n100k,500000,0,1e-05,1000,0,208,Double,3.337831497192383,-7.62890625,0.99997,B
SYNTH_C_5_F_5_n100k,500000,0,0.0001,1000,218,208,Hybrid,6.920106649398804,7.6328125,0.99997,B
