DatasetName,DatasetSize,NumClasses,Tolerance,Cap,iter_single,iter_double,Suite,Time,Memory_MB,Accuracy
SYNTH_C_5_F_50_n100k,1000000,5,0.0001,300,0,167,Double,40.30767026200192,0.0,1.0
SYNTH_C_5_F_50_n100k,1000000,5,0.01,100,48,146,Hybrid,9.422715027059894,239.4375,0.6
SYNTH_C_5_F_50_n100k,1000000,5,0.0001,300,0,167,Double,40.217655283981,0.0,1.0
SYNTH_C_5_F_50_n100k,1000000,5,0.005,100,60,145,Hybrid,10.115638215036597,239.51171875,0.6
SYNTH_C_5_F_50_n100k,1000000,5,0.0001,300,0,167,Double,40.15298574796179,0.0,1.0
SYNTH_C_5_F_50_n100k,1000000,5,0.001,100,60,155,Hybrid,10.384025563951582,239.4375,0.6
SYNTH_C_5_F_50_n100k,1000000,5,0.0001,300,0,167,Double,40.133198594965506,0.0,1.0
SYNTH_C_5_F_50_n100k,1000000,5,0.0005,100,60,155,Hybrid,10.339955454925075,239.4375,0.6
