DatasetName,DatasetSize,NumClasses,Tolerance,Cap,iter_single,iter_double,Suite,Time,Memory_MB,Accuracy
SYNTH_C_5_F_50_n100k,1000000,5,0.0001,10,0,167,Double,40.391079780005384,0.0,1.0
SYNTH_C_5_F_50_n100k,1000000,5,0.001,10,100,182,Hybrid,8.904941560991574,65.046875,1.0
SYNTH_C_5_F_50_n100k,1000000,5,0.0001,10,0,167,Double,40.52787919799448,0.0,1.0
SYNTH_C_5_F_50_n100k,1000000,5,0.005,10,63,162,Hybrid,7.4655388339888304,65.01953125,1.0
SYNTH_C_5_F_50_n100k,1000000,5,0.0001,10,0,167,Double,40.69732351298444,0.04296875,1.0
SYNTH_C_5_F_50_n100k,1000000,5,0.01,10,46,162,Hybrid,7.008295715000713,64.99609375,1.0
