DatasetName,DatasetSize,NumClasses,Tolerance,Cap,iter_single,iter_double,Suite,Time,Memory_MB,Accuracy,Mode
SYNTH_C_5_F_50_n100k,1000000,0,1e-05,1000,0,178,Double,31.671318531036377,18.53515625,1.0,B
SYNTH_C_5_F_50_n100k,1000000,0,0.1,1000,8,178,Hybrid,38.67083668708801,262.74609375,1.0,B
SYNTH_C_5_F_50_n100k,1000000,0,1e-05,1000,0,178,Double,31.49334216117859,18.57421875,1.0,B
SYNTH_C_5_F_50_n100k,1000000,0,0.01,1000,38,178,Hybrid,52.59892416000366,262.63671875,1.0,B
SYNTH_C_5_F_50_n100k,1000000,0,1e-05,1000,0,178,Double,31.536680936813354,18.53515625,1.0,B
SYNTH_C_5_F_50_n100k,1000000,0,0.001,1000,73,178,Hybrid,60.91740369796753,262.703125,1.0,B
SYNTH_C_5_F_50_n100k,1000000,0,1e-05,1000,0,178,Double,31.51071333885193,18.48046875,1.0,B
SYNTH_C_5_F_50_n100k,1000000,0,0.0001,1000,128,178,Hybrid,64.1419529914856,262.71484375,1.0,B
