DatasetName,DatasetSize,NumClasses,Tolerance,Cap,iter_single,iter_double,Suite,Time,Memory_MB,Accuracy
SYNTH_C_5_F_50_n100k,1000000,5,0.0001,10,0,167,Double,40.66804809682071,0.03125,1.0
SYNTH_C_5_F_50_n100k,1000000,5,0.001,0,0,167,Hybrid,41.09357106615789,0.0,1.0
SYNTH_C_5_F_50_n100k,1000000,5,0.0001,10,0,167,Double,40.90332474606112,0.0,1.0
SYNTH_C_5_F_50_n100k,1000000,5,0.005,0,0,167,Hybrid,40.793408995028585,0.0,1.0
SYNTH_C_5_F_50_n100k,1000000,5,0.0001,10,0,167,Double,41.18089085700922,0.0,1.0
SYNTH_C_5_F_50_n100k,1000000,5,0.01,0,0,167,Hybrid,40.858693765010685,0.0,1.0
